"Path","Status","Confidence","Reason","Suggestion","SizeBytes","Modified"
".gitignore","ACTIVE","HIGH","Aktive Projekt-, Start-, Abhängigkeits- oder Kerndatei.","Behalten","118","2026-07-13 11:43:47"
"ANALYZE_CLEANUP_2.19_RC2.bat","ACTIVE","HIGH","Quellcode, Konfiguration oder Laufzeit-Asset.","Behalten","356","2026-07-15 14:48:23"
"ANALYZE_CLEANUP_2.19_RC2.ps1","ACTIVE","HIGH","Quellcode, Konfiguration oder Laufzeit-Asset.","Behalten","6647","2026-07-15 14:48:23"
"ANALYZE_CLEANUP_2.19_RC2A.bat","ACTIVE","HIGH","Quellcode, Konfiguration oder Laufzeit-Asset.","Behalten","161","2026-07-15 14:59:28"
"ANALYZE_CLEANUP_2.19_RC2A.ps1","ACTIVE","HIGH","Quellcode, Konfiguration oder Laufzeit-Asset.","Behalten","10003","2026-07-15 14:59:28"
"ANALYZE_CLEANUP_2.19_RC2B.bat","ACTIVE","HIGH","Quellcode, Konfiguration oder Laufzeit-Asset.","Behalten","140","2026-07-15 15:03:57"
"ANALYZE_CLEANUP_2.19_RC2B.ps1","ACTIVE","HIGH","Quellcode, Konfiguration oder Laufzeit-Asset.","Behalten","10525","2026-07-15 15:03:57"
"assets\icons\vadafok_icon.ico","ACTIVE","HIGH","Quellcode, Werkzeuge, Styles oder Laufzeit-Assets.","Behalten","42325","2026-07-13 11:43:43"
"assets\icons\vadafok_icon.png","ACTIVE","HIGH","Quellcode, Werkzeuge, Styles oder Laufzeit-Assets.","Behalten","14835","2026-07-13 11:43:43"
"batch_projects\.gitkeep","ACTIVE","HIGH","Quellcode, Werkzeuge, Styles oder Laufzeit-Assets.","Behalten","0","2026-07-13 11:43:43"
"batch_projects\test save.vbatch","ACTIVE","HIGH","Quellcode, Werkzeuge, Styles oder Laufzeit-Assets.","Behalten","934","2026-07-13 11:43:43"
"caption_library.json","ACTIVE","HIGH","Quellcode, Konfiguration oder Laufzeit-Asset.","Behalten","1090","2026-07-13 11:43:47"
"docs\ARCHITECTURE.md","ACTIVE","HIGH","Aktive Kerndokumentation.","Behalten und weiter ergänzen","579","2026-07-13 11:43:44"
"docs\caption_library.json","ACTIVE","HIGH","Quellcode, Konfiguration oder Laufzeit-Asset.","Behalten","1090","2026-07-13 11:43:44"
"docs\CHANGELOG.md","ACTIVE","HIGH","Aktive Kerndokumentation.","Behalten und weiter ergänzen","1148","2026-07-14 12:06:39"
"docs\cleanup_reports\2.19_RC2\cleanup_inventory.json","ACTIVE","HIGH","Quellcode, Konfiguration oder Laufzeit-Asset.","Behalten","80130","2026-07-15 14:49:08"
"docs\IDEAS.md","ACTIVE","HIGH","Aktive Kerndokumentation.","Behalten und weiter ergänzen","2327","2026-07-14 12:06:39"
"docs\MASTER_ROADMAP.md","ACTIVE","HIGH","Aktive Kerndokumentation.","Behalten und weiter ergänzen","475","2026-07-13 11:43:44"
"docs\PROJECT_STRUCTURE.md","ACTIVE","HIGH","Aktive Kerndokumentation.","Behalten und weiter ergänzen","2621","2026-07-15 14:16:46"
"docs\ROADMAP.md","ACTIVE","HIGH","Aktive Kerndokumentation.","Behalten und weiter ergänzen","394","2026-07-13 11:43:44"
"docs\text_library.json","ACTIVE","HIGH","Quellcode, Konfiguration oder Laufzeit-Asset.","Behalten","1253","2026-07-13 11:43:44"
"docs\Voice_Control.md","ACTIVE","HIGH","Aktive Kerndokumentation.","Behalten und weiter ergänzen","2644","2026-07-14 12:06:13"
"INSTALL_VOICE_DEPENDENCIES.bat","ACTIVE","HIGH","Quellcode, Konfiguration oder Laufzeit-Asset.","Behalten","576","2026-07-14 12:06:10"
"library\silent_director_presets\README.txt","ACTIVE","HIGH","Quellcode, Werkzeuge, Styles oder Laufzeit-Assets.","Behalten","67","2026-07-13 11:43:47"
"PROJECT_RULES.md","ACTIVE","HIGH","Aktive Projekt-, Start-, Abhängigkeits- oder Kerndatei.","Behalten","3484","2026-07-15 14:16:46"
"README.md","ACTIVE","HIGH","Aktive Projekt-, Start-, Abhängigkeits- oder Kerndatei.","Behalten","91","2026-07-13 11:43:47"
"requirements.txt","ACTIVE","HIGH","Aktive Projekt-, Start-, Abhängigkeits- oder Kerndatei.","Behalten","56","2026-07-13 11:43:48"
"requirements_voice.txt","ACTIVE","HIGH","Aktive Projekt-, Start-, Abhängigkeits- oder Kerndatei.","Behalten","58","2026-07-14 12:06:10"
"ROADMAP.md","ACTIVE","HIGH","Aktive Projekt-, Start-, Abhängigkeits- oder Kerndatei.","Behalten","9179","2026-07-14 12:06:39"
"run.py","ACTIVE","HIGH","Aktive Projekt-, Start-, Abhängigkeits- oder Kerndatei.","Behalten","171","2026-07-14 12:06:13"
"scene_favorites.json","ACTIVE","HIGH","Quellcode, Konfiguration oder Laufzeit-Asset.","Behalten","41","2026-07-13 11:43:48"
"silent_director_presets.json","ACTIVE","HIGH","Quellcode, Konfiguration oder Laufzeit-Asset.","Behalten","7302","2026-07-15 14:17:03"
"Start VADAFOK Studio.bat","ACTIVE","HIGH","Aktive Projekt-, Start-, Abhängigkeits- oder Kerndatei.","Behalten","33","2026-07-13 11:43:48"
"styles\.gitkeep","ACTIVE","HIGH","Quellcode, Werkzeuge, Styles oder Laufzeit-Assets.","Behalten","0","2026-07-13 11:43:47"
"styles\red_test.json","ACTIVE","HIGH","Quellcode, Werkzeuge, Styles oder Laufzeit-Assets.","Behalten","201","2026-07-13 11:43:47"
"text_library.json","ACTIVE","HIGH","Quellcode, Konfiguration oder Laufzeit-Asset.","Behalten","1253","2026-07-13 11:43:48"
"tools\finalize_release_2_16_6.py","ACTIVE","HIGH","Quellcode, Werkzeuge, Styles oder Laufzeit-Assets.","Behalten","3575","2026-07-14 12:06:10"
"tools\voice_listener.ps1","ACTIVE","HIGH","Quellcode, Werkzeuge, Styles oder Laufzeit-Assets.","Behalten","1071","2026-07-13 11:43:47"
"vadafok_studio\__init__.py","ACTIVE","HIGH","Quellcode, Werkzeuge, Styles oder Laufzeit-Assets.","Behalten","0","2026-07-13 11:43:47"
"vadafok_studio\app.py","ACTIVE","HIGH","Quellcode, Werkzeuge, Styles oder Laufzeit-Assets.","Behalten","392044","2026-07-13 11:43:47"
"vadafok_studio\assets\icons\vadafok_icon.ico","ACTIVE","HIGH","Quellcode, Werkzeuge, Styles oder Laufzeit-Assets.","Behalten","34656","2026-07-13 11:43:47"
"vadafok_studio\assets\icons\vadafok_icon.png","ACTIVE","HIGH","Quellcode, Werkzeuge, Styles oder Laufzeit-Assets.","Behalten","6471","2026-07-13 11:43:47"
"vadafok_studio\banner_workflow.py","ACTIVE","HIGH","Quellcode, Werkzeuge, Styles oder Laufzeit-Assets.","Behalten","8454","2026-07-14 18:29:47"
"vadafok_studio\core\banner_profiles.py","ACTIVE","HIGH","Quellcode, Werkzeuge, Styles oder Laufzeit-Assets.","Behalten","1908","2026-07-13 11:43:47"
"vadafok_studio\core\batch_engine.py","ACTIVE","HIGH","Quellcode, Werkzeuge, Styles oder Laufzeit-Assets.","Behalten","5054","2026-07-13 11:43:47"
"vadafok_studio\core\caption_renderer.py","ACTIVE","HIGH","Quellcode, Werkzeuge, Styles oder Laufzeit-Assets.","Behalten","5647","2026-07-13 11:43:47"
"vadafok_studio\core\config.py","ACTIVE","HIGH","Quellcode, Werkzeuge, Styles oder Laufzeit-Assets.","Behalten","3539","2026-07-13 11:43:47"
"vadafok_studio\core\export_engine.py","ACTIVE","HIGH","Quellcode, Werkzeuge, Styles oder Laufzeit-Assets.","Behalten","3188","2026-07-13 11:43:47"
"vadafok_studio\core\image_view.py","ACTIVE","HIGH","Quellcode, Werkzeuge, Styles oder Laufzeit-Assets.","Behalten","1500","2026-07-13 11:43:47"
"vadafok_studio\core\layout_engine.py","ACTIVE","HIGH","Quellcode, Werkzeuge, Styles oder Laufzeit-Assets.","Behalten","6334","2026-07-13 11:43:47"
"vadafok_studio\core\library.py","ACTIVE","HIGH","Quellcode, Werkzeuge, Styles oder Laufzeit-Assets.","Behalten","5322","2026-07-13 11:43:47"
"vadafok_studio\core\obs_controller.py","ACTIVE","HIGH","Quellcode, Werkzeuge, Styles oder Laufzeit-Assets.","Behalten","16227","2026-07-13 11:43:47"
"vadafok_studio\core\obs_workflow.py","ACTIVE","HIGH","Quellcode, Werkzeuge, Styles oder Laufzeit-Assets.","Behalten","3432","2026-07-13 11:43:47"
"vadafok_studio\core\preview_engine.py","ACTIVE","HIGH","Quellcode, Werkzeuge, Styles oder Laufzeit-Assets.","Behalten","2350","2026-07-13 11:43:47"
"vadafok_studio\core\scene_favorites.py","ACTIVE","HIGH","Quellcode, Werkzeuge, Styles oder Laufzeit-Assets.","Behalten","1530","2026-07-13 11:43:47"
"vadafok_studio\core\silent_caption_engine.py","ACTIVE","HIGH","Quellcode, Werkzeuge, Styles oder Laufzeit-Assets.","Behalten","2858","2026-07-13 11:43:47"
"vadafok_studio\core\silent_director.py","ACTIVE","HIGH","Quellcode, Werkzeuge, Styles oder Laufzeit-Assets.","Behalten","9841","2026-07-13 11:43:47"
"vadafok_studio\core\style_engine.py","ACTIVE","HIGH","Quellcode, Werkzeuge, Styles oder Laufzeit-Assets.","Behalten","2628","2026-07-13 11:43:47"
"vadafok_studio\core\template_canvas_layers.py","ACTIVE","HIGH","Quellcode, Werkzeuge, Styles oder Laufzeit-Assets.","Behalten","659","2026-07-13 11:43:47"
"vadafok_studio\core\template_store.py","ACTIVE","HIGH","Quellcode, Werkzeuge, Styles oder Laufzeit-Assets.","Behalten","8827","2026-07-13 11:43:47"
"vadafok_studio\core\text_library_engine.py","ACTIVE","HIGH","Quellcode, Werkzeuge, Styles oder Laufzeit-Assets.","Behalten","4405","2026-07-13 11:43:47"
"vadafok_studio\quick_cards_workflow\__init__.py","ACTIVE","HIGH","Quellcode, Werkzeuge, Styles oder Laufzeit-Assets.","Behalten","98","2026-07-14 18:08:19"
"vadafok_studio\quick_cards_workflow\integration.py","ACTIVE","HIGH","Quellcode, Werkzeuge, Styles oder Laufzeit-Assets.","Behalten","6680","2026-07-14 18:08:19"
"vadafok_studio\stream_workflow.py","ACTIVE","HIGH","Quellcode, Werkzeuge, Styles oder Laufzeit-Assets.","Behalten","13605","2026-07-15 13:39:07"
"vadafok_studio\tools\voice_listener.ps1","ACTIVE","HIGH","Quellcode, Werkzeuge, Styles oder Laufzeit-Assets.","Behalten","4490","2026-07-14 15:26:26"
"vadafok_studio\version.py","ACTIVE","HIGH","Quellcode, Werkzeuge, Styles oder Laufzeit-Assets.","Behalten","160","2026-07-15 15:04:01"
"vadafok_studio\voice_control\__init__.py","ACTIVE","HIGH","Quellcode, Werkzeuge, Styles oder Laufzeit-Assets.","Behalten","972","2026-07-15 12:26:59"
"vadafok_studio\voice_control\foundation.py","ACTIVE","HIGH","Quellcode, Werkzeuge, Styles oder Laufzeit-Assets.","Behalten","17112","2026-07-14 15:26:26"
"vadafok_studio\voice_control\language_selection.py","ACTIVE","HIGH","Quellcode, Werkzeuge, Styles oder Laufzeit-Assets.","Behalten","4375","2026-07-14 12:40:27"
"vadafok_studio\voice_control\matcher.py","ACTIVE","HIGH","Quellcode, Werkzeuge, Styles oder Laufzeit-Assets.","Behalten","7238","2026-07-14 12:06:13"
"vadafok_studio\voice_control\quick_card_voice.py","ACTIVE","HIGH","Quellcode, Werkzeuge, Styles oder Laufzeit-Assets.","Behalten","11767","2026-07-14 15:26:26"
"vadafok_studio\voice_control\voice_help.py","ACTIVE","HIGH","Quellcode, Werkzeuge, Styles oder Laufzeit-Assets.","Behalten","2298","2026-07-14 15:26:25"
"vadafok_studio\voice_control\voice_library.json","ACTIVE","HIGH","Quellcode, Werkzeuge, Styles oder Laufzeit-Assets.","Behalten","5194","2026-07-14 12:06:13"
"vadafok_studio\voice_control\whisper_dictation.py","ACTIVE","HIGH","Quellcode, Werkzeuge, Styles oder Laufzeit-Assets.","Behalten","8042","2026-07-14 12:06:13"
"vadafok_studio\voice_control\whisper_settings.json","ACTIVE","HIGH","Quellcode, Werkzeuge, Styles oder Laufzeit-Assets.","Behalten","233","2026-07-14 12:06:13"
"vadafok_studio\workspace_state.py","ACTIVE","HIGH","Quellcode, Werkzeuge, Styles oder Laufzeit-Assets.","Behalten","3851","2026-07-15 12:57:24"
"docs\BANNER_WORKFLOW_2.17_RC1_APPEND.md","ARCHIVE_CANDIDATE","HIGH","Historische RC-, Test- oder Ergänzungsnotiz.","docs\history\2.17\notes\","829","2026-07-14 18:29:47"
"docs\CLEANUP_ANALYZER_2.19_RC2.md","ARCHIVE_CANDIDATE","HIGH","Historische RC-, Test- oder Ergänzungsnotiz.","docs\history\2.19\notes\","334","2026-07-15 14:48:23"
"docs\CLEANUP_ANALYZER_2.19_RC2A.md","ARCHIVE_CANDIDATE","HIGH","Historische RC-, Test- oder Ergänzungsnotiz.","docs\history\2.19\notes\","305","2026-07-15 14:59:28"
"docs\CLEANUP_ANALYZER_2.19_RC2B.md","ARCHIVE_CANDIDATE","HIGH","Historische RC-, Test- oder Ergänzungsnotiz.","docs\history\2.19\notes\","316","2026-07-15 15:03:57"
"docs\CLEANUP_INVENTORY_2.19_RC1.md","ARCHIVE_CANDIDATE","HIGH","Historische RC-, Test- oder Ergänzungsnotiz.","docs\history\2.19\notes\","1538","2026-07-15 14:16:46"
"docs\IDEAS_2.19_RC1_APPEND.md","ARCHIVE_CANDIDATE","HIGH","Historische RC-, Test- oder Ergänzungsnotiz.","docs\history\2.19\notes\","1207","2026-07-15 14:16:46"
"docs\OBS_ASSET_DISPLAY_IDEA_2.18_APPEND.md","ARCHIVE_CANDIDATE","HIGH","Historische RC-, Test- oder Ergänzungsnotiz.","docs\history\2.18\notes\","1222","2026-07-15 12:26:57"
"docs\QUICK_CARDS_WORKFLOW_2.16.9_RC1.md","ARCHIVE_CANDIDATE","HIGH","Historische RC-, Test- oder Ergänzungsnotiz.","docs\history\2.16\notes\","278","2026-07-14 18:08:19"
"docs\RELEASE_CHECKLIST.md","ARCHIVE_CANDIDATE","HIGH","Historisches Release-Werkzeug oder Release-Dokument.","docs\history\misc\release\","384","2026-07-13 11:43:44"
"docs\ROADMAP_2.19_RC1_APPEND.md","ARCHIVE_CANDIDATE","HIGH","Historische RC-, Test- oder Ergänzungsnotiz.","docs\history\2.19\notes\","1187","2026-07-15 14:16:46"
"docs\STREAM_WORKFLOW_2.18_RC1.md","ARCHIVE_CANDIDATE","HIGH","Historische RC-, Test- oder Ergänzungsnotiz.","docs\history\2.18\notes\","1028","2026-07-15 12:26:57"
"docs\STREAM_WORKFLOW_2.18_RC1A.md","ARCHIVE_CANDIDATE","HIGH","Historische RC-, Test- oder Ergänzungsnotiz.","docs\history\2.18\notes\","780","2026-07-15 12:57:25"
"docs\STREAM_WORKFLOW_2.18_RC1B.md","ARCHIVE_CANDIDATE","HIGH","Historische RC-, Test- oder Ergänzungsnotiz.","docs\history\2.18\notes\","528","2026-07-15 13:11:18"
"docs\STREAM_WORKFLOW_2.18_RC1C.md","ARCHIVE_CANDIDATE","HIGH","Historische RC-, Test- oder Ergänzungsnotiz.","docs\history\2.18\notes\","715","2026-07-15 13:22:17"
"docs\STREAM_WORKFLOW_2.18_RC1D.md","ARCHIVE_CANDIDATE","HIGH","Historische RC-, Test- oder Ergänzungsnotiz.","docs\history\2.18\notes\","393","2026-07-15 13:30:30"
"docs\STREAM_WORKFLOW_2.18_RC1E.md","ARCHIVE_CANDIDATE","HIGH","Historische RC-, Test- oder Ergänzungsnotiz.","docs\history\2.18\notes\","361","2026-07-15 13:39:05"
"docs\VOICE_CONTROL_2.16.7_RC1_APPEND.md","ARCHIVE_CANDIDATE","HIGH","Historische RC-, Test- oder Ergänzungsnotiz.","docs\history\2.16\notes\","578","2026-07-14 12:40:27"
"docs\VOICE_QUICK_CARDS_2.16.8_RC1A.md","ARCHIVE_CANDIDATE","HIGH","Historische RC-, Test- oder Ergänzungsnotiz.","docs\history\2.16\notes\","590","2026-07-14 14:09:02"
"docs\VOICE_QUICK_CARDS_2.16.8_RC1B.md","ARCHIVE_CANDIDATE","HIGH","Historische RC-, Test- oder Ergänzungsnotiz.","docs\history\2.16\notes\","744","2026-07-14 14:40:40"
"docs\VOICE_QUICK_CARDS_2.16.8_RC1C.md","ARCHIVE_CANDIDATE","HIGH","Historische RC-, Test- oder Ergänzungsnotiz.","docs\history\2.16\notes\","467","2026-07-14 15:26:25"
"FINALIZE_RELEASE_2.16.6.bat","ARCHIVE_CANDIDATE","HIGH","Historisches Release-Werkzeug oder Release-Dokument.","docs\history\2.16\release\","316","2026-07-14 12:06:10"
"INSTALLIEREN_UND_TESTEN_2.16.7_RC1.txt","ARCHIVE_CANDIDATE","HIGH","Versionsgebundene Installations- oder RC/Test-Anleitung.","docs\history\2.16\install\","1174","2026-07-14 12:40:27"
"INSTALLIEREN_UND_TESTEN_2.16.8_RC1A.txt","ARCHIVE_CANDIDATE","HIGH","Versionsgebundene Installations- oder RC/Test-Anleitung.","docs\history\2.16\install\","408","2026-07-14 14:09:02"
"INSTALLIEREN_UND_TESTEN_2.16.8_RC1B.txt","ARCHIVE_CANDIDATE","HIGH","Versionsgebundene Installations- oder RC/Test-Anleitung.","docs\history\2.16\install\","393","2026-07-14 14:40:40"
"INSTALLIEREN_UND_TESTEN_2.16.8_RC1C.txt","ARCHIVE_CANDIDATE","HIGH","Versionsgebundene Installations- oder RC/Test-Anleitung.","docs\history\2.16\install\","316","2026-07-14 15:26:25"
"INSTALLIEREN_UND_TESTEN_2.16.9_RC1.txt","ARCHIVE_CANDIDATE","HIGH","Versionsgebundene Installations- oder RC/Test-Anleitung.","docs\history\2.16\install\","215","2026-07-14 18:08:19"
"INSTALLIEREN_UND_TESTEN_2.17_RC1.txt","ARCHIVE_CANDIDATE","HIGH","Versionsgebundene Installations- oder RC/Test-Anleitung.","docs\history\2.17\install\","630","2026-07-14 18:29:47"
"INSTALLIEREN_UND_TESTEN_2.18_RC1.txt","ARCHIVE_CANDIDATE","HIGH","Versionsgebundene Installations- oder RC/Test-Anleitung.","docs\history\2.18\install\","625","2026-07-15 12:26:57"
"INSTALLIEREN_UND_TESTEN_2.18_RC1A.txt","ARCHIVE_CANDIDATE","HIGH","Versionsgebundene Installations- oder RC/Test-Anleitung.","docs\history\2.18\install\","591","2026-07-15 12:57:25"
"INSTALLIEREN_UND_TESTEN_2.18_RC1B.txt","ARCHIVE_CANDIDATE","HIGH","Versionsgebundene Installations- oder RC/Test-Anleitung.","docs\history\2.18\install\","853","2026-07-15 13:11:18"
"INSTALLIEREN_UND_TESTEN_2.18_RC1C.txt","ARCHIVE_CANDIDATE","HIGH","Versionsgebundene Installations- oder RC/Test-Anleitung.","docs\history\2.18\install\","969","2026-07-15 13:22:17"
"INSTALLIEREN_UND_TESTEN_2.18_RC1D.txt","ARCHIVE_CANDIDATE","HIGH","Versionsgebundene Installations- oder RC/Test-Anleitung.","docs\history\2.18\install\","435","2026-07-15 13:30:30"
"INSTALLIEREN_UND_TESTEN_2.18_RC1E.txt","ARCHIVE_CANDIDATE","HIGH","Versionsgebundene Installations- oder RC/Test-Anleitung.","docs\history\2.18\install\","445","2026-07-15 13:39:05"
"INSTALLIEREN_UND_TESTEN_2.19_RC1.txt","ARCHIVE_CANDIDATE","HIGH","Versionsgebundene Installations- oder RC/Test-Anleitung.","docs\history\2.19\install\","1542","2026-07-15 14:16:46"
"INSTALLIEREN_UND_TESTEN_2.19_RC2_ANALYZER.txt","ARCHIVE_CANDIDATE","HIGH","Versionsgebundene Installations- oder RC/Test-Anleitung.","docs\history\2.19\install\","1241","2026-07-15 14:48:23"
"INSTALLIEREN_UND_TESTEN_2.19_RC2A_ANALYZER_FIX.txt","ARCHIVE_CANDIDATE","HIGH","Versionsgebundene Installations- oder RC/Test-Anleitung.","docs\history\2.19\install\","1524","2026-07-15 14:59:28"
"INSTALLIEREN_UND_TESTEN_2.19_RC2B_ANALYZER_PATH_FIX.txt","ARCHIVE_CANDIDATE","HIGH","Versionsgebundene Installations- oder RC/Test-Anleitung.","docs\history\2.19\install\","1386","2026-07-15 15:03:57"
"RELEASE_2.16.6.md","ARCHIVE_CANDIDATE","HIGH","Historisches Release-Werkzeug oder Release-Dokument.","docs\history\2.16\release\","1397","2026-07-14 12:06:10"
"data\asset_meta.json","REVIEW","MEDIUM","Laufzeit- oder Benutzerdaten; nicht automatisch archivieren.","Behalten, bis Nutzung geklärt ist","573","2026-07-14 18:36:44"
"data\banner_profiles.json","REVIEW","MEDIUM","Laufzeit- oder Benutzerdaten; nicht automatisch archivieren.","Behalten, bis Nutzung geklärt ist","13621","2026-07-13 11:43:43"
"data\card_values.json","REVIEW","MEDIUM","Laufzeit- oder Benutzerdaten; nicht automatisch archivieren.","Behalten, bis Nutzung geklärt ist","1561","2026-07-14 12:09:13"
"data\config.json","REVIEW","MEDIUM","Laufzeit- oder Benutzerdaten; nicht automatisch archivieren.","Behalten, bis Nutzung geklärt ist","1321","2026-07-15 14:19:53"
"data\favorites.json","REVIEW","MEDIUM","Laufzeit- oder Benutzerdaten; nicht automatisch archivieren.","Behalten, bis Nutzung geklärt ist","467","2026-07-13 11:43:43"
"data\quick_cards_workflow.json","REVIEW","MEDIUM","Laufzeit- oder Benutzerdaten; nicht automatisch archivieren.","Behalten, bis Nutzung geklärt ist","143","2026-07-14 18:13:56"
"data\README.md","REVIEW","MEDIUM","Laufzeit- oder Benutzerdaten; nicht automatisch archivieren.","Behalten, bis Nutzung geklärt ist","247","2026-07-13 11:43:43"
"data\template_profiles.json","REVIEW","MEDIUM","Laufzeit- oder Benutzerdaten; nicht automatisch archivieren.","Behalten, bis Nutzung geklärt ist","8576","2026-07-13 11:43:43"
"data\templates\.deleted_templates","REVIEW","MEDIUM","Laufzeit- oder Benutzerdaten; nicht automatisch archivieren.","Behalten, bis Nutzung geklärt ist","162","2026-07-13 11:43:43"
"data\templates\.legacy_import_done","REVIEW","MEDIUM","Laufzeit- oder Benutzerdaten; nicht automatisch archivieren.","Behalten, bis Nutzung geklärt ist","4","2026-07-13 11:43:43"
"data\templates\Default_Stream_Plan\background.png","REVIEW","MEDIUM","Laufzeit- oder Benutzerdaten; nicht automatisch archivieren.","Behalten, bis Nutzung geklärt ist","2473776","2026-07-13 11:43:43"
"data\templates\Default_Stream_Plan\template.json","REVIEW","MEDIUM","Laufzeit- oder Benutzerdaten; nicht automatisch archivieren.","Behalten, bis Nutzung geklärt ist","799","2026-07-14 12:47:42"
"data\templates\New_08072026\background.png","REVIEW","MEDIUM","Laufzeit- oder Benutzerdaten; nicht automatisch archivieren.","Behalten, bis Nutzung geklärt ist","2131526","2026-07-13 11:43:43"
"data\templates\New_08072026\template.json","REVIEW","MEDIUM","Laufzeit- oder Benutzerdaten; nicht automatisch archivieren.","Behalten, bis Nutzung geklärt ist","1096","2026-07-13 11:43:43"
"data\templates\New_Template\background.png","REVIEW","MEDIUM","Laufzeit- oder Benutzerdaten; nicht automatisch archivieren.","Behalten, bis Nutzung geklärt ist","2559626","2026-07-13 11:43:43"
"data\templates\New_Template\template.json","REVIEW","MEDIUM","Laufzeit- oder Benutzerdaten; nicht automatisch archivieren.","Behalten, bis Nutzung geklärt ist","1087","2026-07-13 11:43:43"
"data\templates\next_show_test_test\background.png","REVIEW","MEDIUM","Laufzeit- oder Benutzerdaten; nicht automatisch archivieren.","Behalten, bis Nutzung geklärt ist","2131526","2026-07-13 11:43:44"
"data\templates\next_show_test_test\template.json","REVIEW","MEDIUM","Laufzeit- oder Benutzerdaten; nicht automatisch archivieren.","Behalten, bis Nutzung geklärt ist","1358","2026-07-13 11:43:44"
"data\templates\now_showing\background.png","REVIEW","MEDIUM","Laufzeit- oder Benutzerdaten; nicht automatisch archivieren.","Behalten, bis Nutzung geklärt ist","1800039","2026-07-13 11:43:44"
"data\templates\now_showing\template.json","REVIEW","MEDIUM","Laufzeit- oder Benutzerdaten; nicht automatisch archivieren.","Behalten, bis Nutzung geklärt ist","2718","2026-07-13 11:43:44"
"data\templates\Test\background.png","REVIEW","MEDIUM","Laufzeit- oder Benutzerdaten; nicht automatisch archivieren.","Behalten, bis Nutzung geklärt ist","2131526","2026-07-13 11:43:44"
"data\templates\Test\template.json","REVIEW","MEDIUM","Laufzeit- oder Benutzerdaten; nicht automatisch archivieren.","Behalten, bis Nutzung geklärt ist","1080","2026-07-13 11:43:44"
"data\templates\test_zoom_etc\background.png","REVIEW","MEDIUM","Laufzeit- oder Benutzerdaten; nicht automatisch archivieren.","Behalten, bis Nutzung geklärt ist","2131526","2026-07-13 11:43:44"
"data\templates\test_zoom_etc\template.json","REVIEW","MEDIUM","Laufzeit- oder Benutzerdaten; nicht automatisch archivieren.","Behalten, bis Nutzung geklärt ist","1370","2026-07-13 11:43:44"
"data\templates\this_week\background.png","REVIEW","MEDIUM","Laufzeit- oder Benutzerdaten; nicht automatisch archivieren.","Behalten, bis Nutzung geklärt ist","2155886","2026-07-13 11:43:44"
"data\templates\this_week\template.json","REVIEW","MEDIUM","Laufzeit- oder Benutzerdaten; nicht automatisch archivieren.","Behalten, bis Nutzung geklärt ist","3388","2026-07-13 11:43:44"
"data\templates\zoom_test_2\background.png","REVIEW","MEDIUM","Laufzeit- oder Benutzerdaten; nicht automatisch archivieren.","Behalten, bis Nutzung geklärt ist","2344439","2026-07-13 11:43:44"
"data\templates\zoom_test_2\template.json","REVIEW","MEDIUM","Laufzeit- oder Benutzerdaten; nicht automatisch archivieren.","Behalten, bis Nutzung geklärt ist","1093","2026-07-13 11:43:44"
"data\templates\zoom_test_3\background.png","REVIEW","MEDIUM","Laufzeit- oder Benutzerdaten; nicht automatisch archivieren.","Behalten, bis Nutzung geklärt ist","2131526","2026-07-13 11:43:44"
"data\templates\zoom_test_3\template.json","REVIEW","MEDIUM","Laufzeit- oder Benutzerdaten; nicht automatisch archivieren.","Behalten, bis Nutzung geklärt ist","1464","2026-07-13 11:43:44"
"data\workspace_state.json","REVIEW","MEDIUM","Laufzeit- oder Benutzerdaten; nicht automatisch archivieren.","Behalten, bis Nutzung geklärt ist","176","2026-07-15 14:36:38"
"docs\00_PROJECT_VISION.md","REVIEW","MEDIUM","Dokumentation ohne eindeutiges Aktiv-/Archiv-Signal.","Inhalt prüfen","688","2026-07-13 11:43:44"
"docs\01_DEVELOPMENT_RULES.md","REVIEW","MEDIUM","Dokumentation ohne eindeutiges Aktiv-/Archiv-Signal.","Inhalt prüfen","452","2026-07-13 11:43:44"
"docs\01_GITHUB_SETUP.md","REVIEW","MEDIUM","Dokumentation ohne eindeutiges Aktiv-/Archiv-Signal.","Inhalt prüfen","220","2026-07-13 11:43:44"
"docs\02_PROJECT_BOARD.md","REVIEW","MEDIUM","Dokumentation ohne eindeutiges Aktiv-/Archiv-Signal.","Inhalt prüfen","189","2026-07-13 11:43:44"
"docs\03_LABELS.md","REVIEW","MEDIUM","Dokumentation ohne eindeutiges Aktiv-/Archiv-Signal.","Inhalt prüfen","190","2026-07-13 11:43:44"
"docs\04_MILESTONES.md","REVIEW","MEDIUM","Dokumentation ohne eindeutiges Aktiv-/Archiv-Signal.","Inhalt prüfen","146","2026-07-13 11:43:44"
"docs\05_GITHUB_WORKFLOW.md","REVIEW","MEDIUM","Dokumentation ohne eindeutiges Aktiv-/Archiv-Signal.","Inhalt prüfen","265","2026-07-13 11:43:44"
"docs\batch_import_sample.csv","REVIEW","LOW","Keine sichere automatische Klassifikation.","Manuell prüfen","124","2026-07-13 11:43:44"
"docs\BUILD.md","REVIEW","MEDIUM","Dokumentation ohne eindeutiges Aktiv-/Archiv-Signal.","Inhalt prüfen","53","2026-07-13 11:43:44"
"docs\cleanup_reports\2.19_RC2\cleanup_inventory.csv","REVIEW","LOW","Keine sichere automatische Klassifikation.","Manuell prüfen","41451","2026-07-15 14:49:08"
"docs\cleanup_reports\2.19_RC2\cleanup_report.md","REVIEW","MEDIUM","Dokumentation ohne eindeutiges Aktiv-/Archiv-Signal.","Inhalt prüfen","23909","2026-07-15 14:49:08"
"docs\CODE_STYLE.md","REVIEW","MEDIUM","Dokumentation ohne eindeutiges Aktiv-/Archiv-Signal.","Inhalt prüfen","96","2026-07-13 11:43:44"
"docs\CONTRIBUTING.md","REVIEW","MEDIUM","Dokumentation ohne eindeutiges Aktiv-/Archiv-Signal.","Inhalt prüfen","60","2026-07-13 11:43:44"
"docs\DEVELOPMENT_WORKFLOW.md","REVIEW","MEDIUM","Dokumentation ohne eindeutiges Aktiv-/Archiv-Signal.","Inhalt prüfen","112","2026-07-13 11:43:44"
"docs\KNOWN_ISSUES.md","REVIEW","MEDIUM","Dokumentation ohne eindeutiges Aktiv-/Archiv-Signal.","Inhalt prüfen","271","2026-07-13 11:43:44"
"docs\README.md","REVIEW","MEDIUM","Dokumentation ohne eindeutiges Aktiv-/Archiv-Signal.","Inhalt prüfen","161","2026-07-13 11:43:44"
"docs\RENDERING_FOUNDATION.md","REVIEW","MEDIUM","Dokumentation ohne eindeutiges Aktiv-/Archiv-Signal.","Inhalt prüfen","1189","2026-07-13 11:43:44"
"docs\requirements.txt","REVIEW","MEDIUM","Dokumentation ohne eindeutiges Aktiv-/Archiv-Signal.","Inhalt prüfen","56","2026-07-13 11:43:44"
"docs\TESTING.md","REVIEW","MEDIUM","Dokumentation ohne eindeutiges Aktiv-/Archiv-Signal.","Inhalt prüfen","92","2026-07-13 11:43:44"
"exports\08_07_2026_Next_show_broadcast_final.png","REVIEW","MEDIUM","Exportdatei: absichtlich versioniert oder generiert?","Manuell entscheiden","2332202","2026-07-13 11:43:44"
"exports\08_07_2026_Next_show_broadcast_preview.png","REVIEW","HIGH","Erzeugte Export-Vorschau; möglicherweise nicht zur Versionierung bestimmt.","Prüfen; eventuell .gitignore ergänzen","2332202","2026-07-13 11:43:44"
"exports\banner_editor_preview.png","REVIEW","HIGH","Erzeugte Export-Vorschau; möglicherweise nicht zur Versionierung bestimmt.","Prüfen; eventuell .gitignore ergänzen","1743355","2026-07-13 11:43:45"
"exports\caption_render.png","REVIEW","MEDIUM","Exportdatei: absichtlich versioniert oder generiert?","Manuell entscheiden","1577725","2026-07-15 14:19:53"
"exports\card_001_broadcast_final.png","REVIEW","MEDIUM","Exportdatei: absichtlich versioniert oder generiert?","Manuell entscheiden","2358106","2026-07-13 11:43:45"
"exports\card_001_broadcast_preview.png","REVIEW","HIGH","Erzeugte Export-Vorschau; möglicherweise nicht zur Versionierung bestimmt.","Prüfen; eventuell .gitignore ergänzen","2358106","2026-07-13 11:43:45"
"exports\card_002_broadcast_final.png","REVIEW","MEDIUM","Exportdatei: absichtlich versioniert oder generiert?","Manuell entscheiden","2354463","2026-07-13 11:43:45"
"exports\card_002_broadcast_preview.png","REVIEW","HIGH","Erzeugte Export-Vorschau; möglicherweise nicht zur Versionierung bestimmt.","Prüfen; eventuell .gitignore ergänzen","2354463","2026-07-13 11:43:45"
"exports\card_Default_Stream_Plan_broadcast_preview.png","REVIEW","HIGH","Erzeugte Export-Vorschau; möglicherweise nicht zur Versionierung bestimmt.","Prüfen; eventuell .gitignore ergänzen","2700053","2026-07-15 11:34:01"
"exports\card_Default_Stream_Plan_final.png","REVIEW","MEDIUM","Exportdatei: absichtlich versioniert oder generiert?","Manuell entscheiden","2351638","2026-07-13 11:43:45"
"exports\card_Default_Stream_Plan_instagram_square_preview.png","REVIEW","HIGH","Erzeugte Export-Vorschau; möglicherweise nicht zur Versionierung bestimmt.","Prüfen; eventuell .gitignore ergänzen","1262801","2026-07-15 11:38:46"
"exports\card_Default_Stream_Plan_preview.png","REVIEW","HIGH","Erzeugte Export-Vorschau; möglicherweise nicht zur Versionierung bestimmt.","Prüfen; eventuell .gitignore ergänzen","33855","2026-07-13 11:43:45"
"exports\card_Default_Stream_Plan_tiktok_vertical_preview.png","REVIEW","HIGH","Erzeugte Export-Vorschau; möglicherweise nicht zur Versionierung bestimmt.","Prüfen; eventuell .gitignore ergänzen","2738810","2026-07-15 11:39:12"
"exports\card_Default_Stream_Plan_youtube_thumb_preview.jpg","REVIEW","HIGH","Erzeugte Export-Vorschau; möglicherweise nicht zur Versionierung bestimmt.","Prüfen; eventuell .gitignore ergänzen","170076","2026-07-15 11:38:21"
"exports\card_New_08_07_2026_broadcast_preview.png","REVIEW","HIGH","Erzeugte Export-Vorschau; möglicherweise nicht zur Versionierung bestimmt.","Prüfen; eventuell .gitignore ergänzen","2332202","2026-07-13 11:43:45"
"exports\card_New_Template_2_final.png","REVIEW","MEDIUM","Exportdatei: absichtlich versioniert oder generiert?","Manuell entscheiden","34238","2026-07-13 11:43:45"
"exports\card_New_Template_2_preview.png","REVIEW","HIGH","Erzeugte Export-Vorschau; möglicherweise nicht zur Versionierung bestimmt.","Prüfen; eventuell .gitignore ergänzen","34238","2026-07-13 11:43:45"
"exports\card_New_Template_3_preview.png","REVIEW","HIGH","Erzeugte Export-Vorschau; möglicherweise nicht zur Versionierung bestimmt.","Prüfen; eventuell .gitignore ergänzen","2396855","2026-07-13 11:43:45"
"exports\card_New_Template_5_preview.png","REVIEW","HIGH","Erzeugte Export-Vorschau; möglicherweise nicht zur Versionierung bestimmt.","Prüfen; eventuell .gitignore ergänzen","2628147","2026-07-13 11:43:45"
"exports\card_New_Template_7_preview.png","REVIEW","HIGH","Erzeugte Export-Vorschau; möglicherweise nicht zur Versionierung bestimmt.","Prüfen; eventuell .gitignore ergänzen","2809839","2026-07-13 11:43:45"
"exports\card_New_Template_final.png","REVIEW","MEDIUM","Exportdatei: absichtlich versioniert oder generiert?","Manuell entscheiden","2350843","2026-07-13 11:43:45"
"exports\card_New_Template_preview.png","REVIEW","HIGH","Erzeugte Export-Vorschau; möglicherweise nicht zur Versionierung bestimmt.","Prüfen; eventuell .gitignore ergänzen","2345401","2026-07-13 11:43:45"
"exports\card_next_show_copy_test_final.png","REVIEW","MEDIUM","Exportdatei: absichtlich versioniert oder generiert?","Manuell entscheiden","2330464","2026-07-13 11:43:46"
"exports\card_next_show_copy_test_preview.png","REVIEW","HIGH","Erzeugte Export-Vorschau; möglicherweise nicht zur Versionierung bestimmt.","Prüfen; eventuell .gitignore ergänzen","2357129","2026-07-13 11:43:46"
"exports\card_next_show_test_test_broadcast_preview.png","REVIEW","HIGH","Erzeugte Export-Vorschau; möglicherweise nicht zur Versionierung bestimmt.","Prüfen; eventuell .gitignore ergänzen","2345974","2026-07-13 11:43:46"
"exports\card_next_show_test_test_final.png","REVIEW","MEDIUM","Exportdatei: absichtlich versioniert oder generiert?","Manuell entscheiden","2345974","2026-07-13 11:43:46"
"exports\card_next_show_test_test_preview.png","REVIEW","HIGH","Erzeugte Export-Vorschau; möglicherweise nicht zur Versionierung bestimmt.","Prüfen; eventuell .gitignore ergänzen","2345974","2026-07-13 11:43:46"
"exports\card_now_showing_broadcast_preview.png","REVIEW","HIGH","Erzeugte Export-Vorschau; möglicherweise nicht zur Versionierung bestimmt.","Prüfen; eventuell .gitignore ergänzen","2004909","2026-07-13 11:43:46"
"exports\card_now_showing_preview.png","REVIEW","HIGH","Erzeugte Export-Vorschau; möglicherweise nicht zur Versionierung bestimmt.","Prüfen; eventuell .gitignore ergänzen","2009720","2026-07-13 11:43:46"
"exports\card_now_showing_test_preview.png","REVIEW","HIGH","Erzeugte Export-Vorschau; möglicherweise nicht zur Versionierung bestimmt.","Prüfen; eventuell .gitignore ergänzen","2016036","2026-07-13 11:43:46"
"exports\card_Test_broadcast_final.png","REVIEW","MEDIUM","Exportdatei: absichtlich versioniert oder generiert?","Manuell entscheiden","2361200","2026-07-13 11:43:46"
"exports\card_Test_broadcast_preview.png","REVIEW","HIGH","Erzeugte Export-Vorschau; möglicherweise nicht zur Versionierung bestimmt.","Prüfen; eventuell .gitignore ergänzen","2361200","2026-07-13 11:43:46"
"exports\card_Test_instagram_square_final.png","REVIEW","MEDIUM","Exportdatei: absichtlich versioniert oder generiert?","Manuell entscheiden","1123050","2026-07-13 11:43:46"
"exports\card_Test_instagram_square_preview.png","REVIEW","HIGH","Erzeugte Export-Vorschau; möglicherweise nicht zur Versionierung bestimmt.","Prüfen; eventuell .gitignore ergänzen","1123050","2026-07-13 11:43:46"
"exports\card_Test_obs_overlay_final.png","REVIEW","MEDIUM","Exportdatei: absichtlich versioniert oder generiert?","Manuell entscheiden","2360524","2026-07-13 11:43:46"
"exports\card_Test_obs_overlay_preview.png","REVIEW","HIGH","Erzeugte Export-Vorschau; möglicherweise nicht zur Versionierung bestimmt.","Prüfen; eventuell .gitignore ergänzen","2360524","2026-07-13 11:43:46"
"exports\card_Test_preview.png","REVIEW","HIGH","Erzeugte Export-Vorschau; möglicherweise nicht zur Versionierung bestimmt.","Prüfen; eventuell .gitignore ergänzen","2360524","2026-07-13 11:43:46"
"exports\card_Test_tiktok_vertical_final.png","REVIEW","MEDIUM","Exportdatei: absichtlich versioniert oder generiert?","Manuell entscheiden","2394687","2026-07-13 11:43:46"
"exports\card_Test_tiktok_vertical_preview.png","REVIEW","HIGH","Erzeugte Export-Vorschau; möglicherweise nicht zur Versionierung bestimmt.","Prüfen; eventuell .gitignore ergänzen","2394687","2026-07-13 11:43:46"
"exports\card_Test_youtube_thumb_final.jpg","REVIEW","MEDIUM","Exportdatei: absichtlich versioniert oder generiert?","Manuell entscheiden","145751","2026-07-13 11:43:46"
"exports\card_Test_youtube_thumb_preview.jpg","REVIEW","HIGH","Erzeugte Export-Vorschau; möglicherweise nicht zur Versionierung bestimmt.","Prüfen; eventuell .gitignore ergänzen","145751","2026-07-13 11:43:46"
"exports\card_test_zoom_etc_broadcast_preview.png","REVIEW","HIGH","Erzeugte Export-Vorschau; möglicherweise nicht zur Versionierung bestimmt.","Prüfen; eventuell .gitignore ergänzen","2396855","2026-07-13 11:43:47"
"exports\card_test_zoom_etc_preview.png","REVIEW","HIGH","Erzeugte Export-Vorschau; möglicherweise nicht zur Versionierung bestimmt.","Prüfen; eventuell .gitignore ergänzen","2396855","2026-07-13 11:43:47"
"exports\card_this_week_broadcast_final.png","REVIEW","MEDIUM","Exportdatei: absichtlich versioniert oder generiert?","Manuell entscheiden","2366879","2026-07-13 11:43:47"
"exports\card_this_week_broadcast_preview.png","REVIEW","HIGH","Erzeugte Export-Vorschau; möglicherweise nicht zur Versionierung bestimmt.","Prüfen; eventuell .gitignore ergänzen","2366879","2026-07-13 11:43:47"
"exports\card_this_week_final.png","REVIEW","MEDIUM","Exportdatei: absichtlich versioniert oder generiert?","Manuell entscheiden","2366879","2026-07-13 11:43:47"
"exports\card_this_week_preview.png","REVIEW","HIGH","Erzeugte Export-Vorschau; möglicherweise nicht zur Versionierung bestimmt.","Prüfen; eventuell .gitignore ergänzen","2366879","2026-07-13 11:43:47"
"exports\card_zoom_test_2_broadcast_final.png","REVIEW","MEDIUM","Exportdatei: absichtlich versioniert oder generiert?","Manuell entscheiden","2568263","2026-07-13 11:43:47"
"exports\card_zoom_test_2_broadcast_preview.png","REVIEW","HIGH","Erzeugte Export-Vorschau; möglicherweise nicht zur Versionierung bestimmt.","Prüfen; eventuell .gitignore ergänzen","2568263","2026-07-13 11:43:47"
"exports\card_zoom_test_2_final.png","REVIEW","MEDIUM","Exportdatei: absichtlich versioniert oder generiert?","Manuell entscheiden","2583974","2026-07-13 11:43:47"
"exports\card_zoom_test_2_preview.png","REVIEW","HIGH","Erzeugte Export-Vorschau; möglicherweise nicht zur Versionierung bestimmt.","Prüfen; eventuell .gitignore ergänzen","2568263","2026-07-13 11:43:47"
"exports\card_zoom_test_3_broadcast_final.png","REVIEW","MEDIUM","Exportdatei: absichtlich versioniert oder generiert?","Manuell entscheiden","2346201","2026-07-13 11:43:47"
"exports\card_zoom_test_3_broadcast_preview.png","REVIEW","HIGH","Erzeugte Export-Vorschau; möglicherweise nicht zur Versionierung bestimmt.","Prüfen; eventuell .gitignore ergänzen","2346968","2026-07-14 12:09:14"
"exports\card_zoom_test_3_final.png","REVIEW","MEDIUM","Exportdatei: absichtlich versioniert oder generiert?","Manuell entscheiden","2344740","2026-07-13 11:43:47"
"exports\card_zoom_test_3_preview.png","REVIEW","HIGH","Erzeugte Export-Vorschau; möglicherweise nicht zur Versionierung bestimmt.","Prüfen; eventuell .gitignore ergänzen","2344870","2026-07-13 11:43:47"
"RENDERING_FOUNDATION.md","REVIEW","MEDIUM","Dokumentation ohne eindeutiges Aktiv-/Archiv-Signal.","Inhalt prüfen","1189","2026-07-13 11:43:48"
"VADAFOK_CODE_ONLY.zip","REVIEW","HIGH","Eingechecktes Archiv; Nutzen und Aktualität prüfen.","Manuell entscheiden","521021","2026-07-13 11:43:48"
